<?xml version="1.0" encoding="UTF-8"?>
<!DOCTYPE hibernate-mapping PUBLIC
        "-//Hibernate/Hibernate Mapping DTD 3.0//EN"
        "http://hibernate.sourceforge.net/hibernate-mapping-3.0.dtd">

<hibernate-mapping package="org.andres.hibernate.asierTarea5.models">

	<class name="Patient" table="patient">
		<id name="id" column="idpatient">
			<generator class="identity" />
		</id>
		<property name="name" />
		<property name="sex" />

		<list name="doctors" table="doctors_patients" inverse="true"
			lazy="false">
			<key column="idpatient" />
			<list-index column="list_order" />
			<many-to-many class="Doctor" column="iddoctor" />
		</list>
	</class>

</hibernate-mapping>